character,head_direction,eye_direction,mouth_phonems,emotion,eye_blinking,body,mode,background,hash,text,frame
character_1,M,M,M,happy,False,01,1,Plain,f30a06deebf9cedde99c118e953d37f8df6e2f1d0ae2fd39d85d68822ffddf04,,1
character_1,M,M,M,happy,False,01,1,Plain,f30a06deebf9cedde99c118e953d37f8df6e2f1d0ae2fd39d85d68822ffddf04,,2
character_1,M,M,M,happy,False,01,1,Plain,f30a06deebf9cedde99c118e953d37f8df6e2f1d0ae2fd39d85d68822ffddf04,,3
character_1,M,M,M,happy,False,01,1,Plain,f30a06deebf9cedde99c118e953d37f8df6e2f1d0ae2fd39d85d68822ffddf04,,4
character_1,M,M,M,happy,False,01,1,Plain,f30a06deebf9cedde99c118e953d37f8df6e2f1d0ae2fd39d85d68822ffddf04,,5
character_1,M,M,M,happy,False,01,1,Plain,f30a06deebf9cedde99c118e953d37f8df6e2f1d0ae2fd39d85d68822ffddf04,,6
character_1,M,M,M,happy,False,01,1,Plain,f30a06deebf9cedde99c118e953d37f8df6e2f1d0ae2fd39d85d68822ffddf04,,7
character_1,M,M,M,happy,False,01,1,Plain,f30a06deebf9cedde99c118e953d37f8df6e2f1d0ae2fd39d85d68822ffddf04,,8
character_1,M,M,M,happy,False,01,1,Plain,f30a06deebf9cedde99c118e953d37f8df6e2f1d0ae2fd39d85d68822ffddf04,,9
character_1,M,M,M,happy,False,01,1,Plain,f30a06deebf9cedde99c118e953d37f8df6e2f1d0ae2fd39d85d68822ffddf04,,10
character_1,M,M,M,happy,False,01,1,Plain,f30a06deebf9cedde99c118e953d37f8df6e2f1d0ae2fd39d85d68822ffddf04,,11
character_1,M,M,M,happy,False,01,1,Plain,f30a06deebf9cedde99c118e953d37f8df6e2f1d0ae2fd39d85d68822ffddf04,,12
character_1,M,M,M,happy,False,01,1,Plain,f30a06deebf9cedde99c118e953d37f8df6e2f1d0ae2fd39d85d68822ffddf04,,13
character_1,M,M,M,happy,False,01,1,Plain,f30a06deebf9cedde99c118e953d37f8df6e2f1d0ae2fd39d85d68822ffddf04,,14
character_1,M,M,M,happy,False,01,1,Plain,f30a06deebf9cedde99c118e953d37f8df6e2f1d0ae2fd39d85d68822ffddf04,,15
character_1,M,M,M,happy,False,01,1,Plain,f30a06deebf9cedde99c118e953d37f8df6e2f1d0ae2fd39d85d68822ffddf04,,16
character_1,M,M,M,happy,False,01,1,Plain,f30a06deebf9cedde99c118e953d37f8df6e2f1d0ae2fd39d85d68822ffddf04,,17
character_1,M,M,M,happy,False,01,1,Plain,f30a06deebf9cedde99c118e953d37f8df6e2f1d0ae2fd39d85d68822ffddf04,,18
character_1,M,M,M,happy,False,01,1,Plain,f30a06deebf9cedde99c118e953d37f8df6e2f1d0ae2fd39d85d68822ffddf04,,19
character_1,M,M,M,happy,False,01,1,Plain,f30a06deebf9cedde99c118e953d37f8df6e2f1d0ae2fd39d85d68822ffddf04,,20
character_1,M,M,M,happy,False,01,1,Plain,f30a06deebf9cedde99c118e953d37f8df6e2f1d0ae2fd39d85d68822ffddf04,,21
character_1,M,M,M,happy,False,01,1,Plain,f30a06deebf9cedde99c118e953d37f8df6e2f1d0ae2fd39d85d68822ffddf04,,22
character_1,M,M,M,happy,False,01,1,Plain,f30a06deebf9cedde99c118e953d37f8df6e2f1d0ae2fd39d85d68822ffddf04,,23
character_1,M,M,M,happy,False,01,1,Plain,f30a06deebf9cedde99c118e953d37f8df6e2f1d0ae2fd39d85d68822ffddf04,,24
character_1,M,M,Y,happy,False,01,1,Plain,69e83af2a5816e3db1ebcd4958f6e09f8658caf64aa6f43e208135a8e1c3eafe,yh,25
character_1,M,M,Y,happy,False,01,1,Plain,69e83af2a5816e3db1ebcd4958f6e09f8658caf64aa6f43e208135a8e1c3eafe,yh,26
character_1,M,M,Y,happy,False,01,1,Plain,69e83af2a5816e3db1ebcd4958f6e09f8658caf64aa6f43e208135a8e1c3eafe,yh,27
character_1,M,M,Y,happy,False,01,1,Plain,69e83af2a5816e3db1ebcd4958f6e09f8658caf64aa6f43e208135a8e1c3eafe,yh,28
character_1,M,M,Y,happy,False,01,1,Plain,69e83af2a5816e3db1ebcd4958f6e09f8658caf64aa6f43e208135a8e1c3eafe,yh,29
character_1,M,M,IH1,happy,False,01,1,Plain,df4fbf43892a169fc09b708073f1a889dbc9be986bef7fccc843268329fb1d9b,yh,30
character_1,M,M,IH1,happy,False,01,1,Plain,df4fbf43892a169fc09b708073f1a889dbc9be986bef7fccc843268329fb1d9b,yh,31
character_1,M,M,IH1,happy,False,01,1,Plain,df4fbf43892a169fc09b708073f1a889dbc9be986bef7fccc843268329fb1d9b,yh,32
character_1,M,M,IH1,happy,False,01,1,Plain,df4fbf43892a169fc09b708073f1a889dbc9be986bef7fccc843268329fb1d9b,yh,33
character_1,M,M,IH1,happy,False,01,1,Plain,df4fbf43892a169fc09b708073f1a889dbc9be986bef7fccc843268329fb1d9b,yh,34
character_1,M,M,T,happy,False,01,1,Plain,d02fbb12a45a347fd0939922b93dc7464246e8616f31f29219fc868641e102b6,test,35
character_1,M,M,T,happy,False,01,1,Plain,d02fbb12a45a347fd0939922b93dc7464246e8616f31f29219fc868641e102b6,test,36
character_1,M,M,EH1,happy,False,01,1,Plain,652467bfbec2860fc15e6923a322ba027d137306864394c8fe130ba4aa9b1e54,test,37
character_1,M,M,EH1,happy,False,01,1,Plain,652467bfbec2860fc15e6923a322ba027d137306864394c8fe130ba4aa9b1e54,test,38
character_1,M,M,S,happy,False,01,1,Plain,369f9acd9f75faaac58f320f32588a3af778d1287f1b00e2ed66fe90cca712c4,test,39
character_1,M,M,S,happy,False,01,1,Plain,369f9acd9f75faaac58f320f32588a3af778d1287f1b00e2ed66fe90cca712c4,test,40
character_1,M,M,S,happy,False,01,1,Plain,369f9acd9f75faaac58f320f32588a3af778d1287f1b00e2ed66fe90cca712c4,test,41
character_1,M,M,S,happy,False,01,1,Plain,369f9acd9f75faaac58f320f32588a3af778d1287f1b00e2ed66fe90cca712c4,test,42
character_1,M,M,T,happy,False,01,1,Plain,d02fbb12a45a347fd0939922b93dc7464246e8616f31f29219fc868641e102b6,test,43
character_1,M,M,T,happy,False,01,1,Plain,d02fbb12a45a347fd0939922b93dc7464246e8616f31f29219fc868641e102b6,test,44
character_1,M,M,M,happy,False,01,1,Plain,f30a06deebf9cedde99c118e953d37f8df6e2f1d0ae2fd39d85d68822ffddf04,,45
character_1,M,M,M,happy,False,01,1,Plain,f30a06deebf9cedde99c118e953d37f8df6e2f1d0ae2fd39d85d68822ffddf04,,46
character_1,M,M,N,happy,False,01,1,Plain,880b91352c2b1d02fa6201fdc1bb763870a32337b37839e2bab5287e51552fba,nnbr,47
character_1,M,M,N,happy,False,01,1,Plain,880b91352c2b1d02fa6201fdc1bb763870a32337b37839e2bab5287e51552fba,nnbr,48
character_1,M,M,EY1,happy,False,01,1,Plain,9118516b809f07d6169dd1b0bb88666ed4aec4f3e0ad3294a48c0e689a8ebf56,nnbr,49
character_1,M,M,EY1,happy,False,01,1,Plain,9118516b809f07d6169dd1b0bb88666ed4aec4f3e0ad3294a48c0e689a8ebf56,nnbr,50
character_1,M,M,B,happy,False,01,1,Plain,210a057d8e56934f2dc47f488d8edd9287084f5de69961146bb5e12220b08a5e,nnbr,51
character_1,M,M,B,happy,False,01,1,Plain,210a057d8e56934f2dc47f488d8edd9287084f5de69961146bb5e12220b08a5e,nnbr,52
character_1,M,M,B,happy,False,01,1,Plain,210a057d8e56934f2dc47f488d8edd9287084f5de69961146bb5e12220b08a5e,nnbr,53
character_1,M,M,B,happy,False,01,1,Plain,210a057d8e56934f2dc47f488d8edd9287084f5de69961146bb5e12220b08a5e,nnbr,54
character_1,M,M,B,happy,False,01,1,Plain,210a057d8e56934f2dc47f488d8edd9287084f5de69961146bb5e12220b08a5e,nnbr,55
character_1,M,M,ER0,happy,False,01,1,Plain,c8ec804498de70e9ee4ba5b1438556d618d406cc142589d22972598443a0f3ac,nnbr,56
character_1,M,M,ER0,happy,False,01,1,Plain,c8ec804498de70e9ee4ba5b1438556d618d406cc142589d22972598443a0f3ac,nnbr,57
character_1,M,M,V,happy,False,01,1,Plain,126eff8dd002fa6996bed4c62357b2b1dc1f0605b64376937c028427000bff59,vn,58
character_1,M,M,V,happy,False,01,1,Plain,126eff8dd002fa6996bed4c62357b2b1dc1f0605b64376937c028427000bff59,vn,59
character_1,M,M,V,happy,False,01,1,Plain,126eff8dd002fa6996bed4c62357b2b1dc1f0605b64376937c028427000bff59,vn,60
character_1,M,M,AH1,happy,False,01,1,Plain,fd5ee8c1b04d26d1631fe128bc6ab9d017c15164222cdec5bf56d976fd0e4935,vn,61
character_1,M,M,AH1,happy,False,01,1,Plain,fd5ee8c1b04d26d1631fe128bc6ab9d017c15164222cdec5bf56d976fd0e4935,vn,62
character_1,M,M,AH1,happy,False,01,1,Plain,fd5ee8c1b04d26d1631fe128bc6ab9d017c15164222cdec5bf56d976fd0e4935,vn,63
character_1,M,M,AH1,happy,False,01,1,Plain,fd5ee8c1b04d26d1631fe128bc6ab9d017c15164222cdec5bf56d976fd0e4935,vn,64
character_1,M,M,N,happy,False,01,1,Plain,880b91352c2b1d02fa6201fdc1bb763870a32337b37839e2bab5287e51552fba,vn,65
character_1,M,M,N,happy,False,01,1,Plain,880b91352c2b1d02fa6201fdc1bb763870a32337b37839e2bab5287e51552fba,vn,66
character_1,M,M,N,happy,False,01,1,Plain,880b91352c2b1d02fa6201fdc1bb763870a32337b37839e2bab5287e51552fba,vn,67
character_1,M,M,HH,happy,False,01,1,Plain,5b75907d30da3e94087b27786fa3516578c3c4df100f46b63c7b9ef757d31181,hai,68
character_1,M,M,HH,happy,False,01,1,Plain,5b75907d30da3e94087b27786fa3516578c3c4df100f46b63c7b9ef757d31181,hai,69
character_1,M,M,HH,happy,False,01,1,Plain,5b75907d30da3e94087b27786fa3516578c3c4df100f46b63c7b9ef757d31181,hai,70
character_1,M,M,AY1,happy,False,01,1,Plain,196f309336cdb0ebf5f5d08be217b5b8ded9c91ede9c45cb761db4a3d36787b9,hai,71
character_1,M,M,AY1,happy,False,01,1,Plain,196f309336cdb0ebf5f5d08be217b5b8ded9c91ede9c45cb761db4a3d36787b9,hai,72
character_1,M,M,AY1,happy,False,01,1,Plain,196f309336cdb0ebf5f5d08be217b5b8ded9c91ede9c45cb761db4a3d36787b9,hai,73
character_1,M,M,IH1,happy,False,01,1,Plain,df4fbf43892a169fc09b708073f1a889dbc9be986bef7fccc843268329fb1d9b,ismen,74
character_1,M,M,IH1,happy,False,01,1,Plain,df4fbf43892a169fc09b708073f1a889dbc9be986bef7fccc843268329fb1d9b,ismen,75
character_1,M,M,IH1,happy,False,01,1,Plain,df4fbf43892a169fc09b708073f1a889dbc9be986bef7fccc843268329fb1d9b,ismen,76
character_1,M,M,IH1,happy,False,01,1,Plain,df4fbf43892a169fc09b708073f1a889dbc9be986bef7fccc843268329fb1d9b,ismen,77
character_1,M,M,IH1,happy,False,01,1,Plain,df4fbf43892a169fc09b708073f1a889dbc9be986bef7fccc843268329fb1d9b,ismen,78
character_1,M,M,IH1,happy,False,01,1,Plain,df4fbf43892a169fc09b708073f1a889dbc9be986bef7fccc843268329fb1d9b,ismen,79
character_1,M,M,S,happy,False,01,1,Plain,369f9acd9f75faaac58f320f32588a3af778d1287f1b00e2ed66fe90cca712c4,ismen,80
character_1,M,M,S,happy,False,01,1,Plain,369f9acd9f75faaac58f320f32588a3af778d1287f1b00e2ed66fe90cca712c4,ismen,81
character_1,M,M,S,happy,False,01,1,Plain,369f9acd9f75faaac58f320f32588a3af778d1287f1b00e2ed66fe90cca712c4,ismen,82
character_1,M,M,S,happy,False,01,1,Plain,369f9acd9f75faaac58f320f32588a3af778d1287f1b00e2ed66fe90cca712c4,ismen,83
character_1,M,M,S,happy,False,01,1,Plain,369f9acd9f75faaac58f320f32588a3af778d1287f1b00e2ed66fe90cca712c4,ismen,84
character_1,M,M,S,happy,False,01,1,Plain,369f9acd9f75faaac58f320f32588a3af778d1287f1b00e2ed66fe90cca712c4,ismen,85
character_1,M,M,M,happy,False,01,1,Plain,f30a06deebf9cedde99c118e953d37f8df6e2f1d0ae2fd39d85d68822ffddf04,ismen,86
character_1,M,M,M,happy,False,01,1,Plain,f30a06deebf9cedde99c118e953d37f8df6e2f1d0ae2fd39d85d68822ffddf04,ismen,87
character_1,M,M,M,happy,False,01,1,Plain,f30a06deebf9cedde99c118e953d37f8df6e2f1d0ae2fd39d85d68822ffddf04,ismen,88
character_1,M,M,M,happy,False,01,1,Plain,f30a06deebf9cedde99c118e953d37f8df6e2f1d0ae2fd39d85d68822ffddf04,ismen,89
character_1,M,M,M,happy,False,01,1,Plain,f30a06deebf9cedde99c118e953d37f8df6e2f1d0ae2fd39d85d68822ffddf04,ismen,90
character_1,M,M,M,happy,False,01,1,Plain,f30a06deebf9cedde99c118e953d37f8df6e2f1d0ae2fd39d85d68822ffddf04,ismen,91
character_1,M,M,M,happy,False,01,1,Plain,f30a06deebf9cedde99c118e953d37f8df6e2f1d0ae2fd39d85d68822ffddf04,ismen,92
character_1,M,M,M,happy,False,01,1,Plain,f30a06deebf9cedde99c118e953d37f8df6e2f1d0ae2fd39d85d68822ffddf04,ismen,93
character_1,M,M,M,happy,False,01,1,Plain,f30a06deebf9cedde99c118e953d37f8df6e2f1d0ae2fd39d85d68822ffddf04,ismen,94
character_1,M,M,M,happy,False,01,1,Plain,f30a06deebf9cedde99c118e953d37f8df6e2f1d0ae2fd39d85d68822ffddf04,ismen,95
character_1,M,M,AH0,happy,False,01,1,Plain,22ca540e3156ae4dcf99f49c93fd06f5277fb07e2b4076ab2e1716b6a9107593,ismen,96
character_1,M,M,AH0,happy,False,01,1,Plain,22ca540e3156ae4dcf99f49c93fd06f5277fb07e2b4076ab2e1716b6a9107593,ismen,97
character_1,M,M,AH0,happy,False,01,1,Plain,22ca540e3156ae4dcf99f49c93fd06f5277fb07e2b4076ab2e1716b6a9107593,ismen,98
character_1,M,M,AH0,happy,False,01,1,Plain,22ca540e3156ae4dcf99f49c93fd06f5277fb07e2b4076ab2e1716b6a9107593,ismen,99
character_1,M,M,AH0,happy,False,01,1,Plain,22ca540e3156ae4dcf99f49c93fd06f5277fb07e2b4076ab2e1716b6a9107593,ismen,100
character_1,M,M,AH0,happy,False,01,1,Plain,22ca540e3156ae4dcf99f49c93fd06f5277fb07e2b4076ab2e1716b6a9107593,ismen,101
character_1,M,M,N,happy,False,01,1,Plain,880b91352c2b1d02fa6201fdc1bb763870a32337b37839e2bab5287e51552fba,ismen,102
character_1,M,M,N,happy,False,01,1,Plain,880b91352c2b1d02fa6201fdc1bb763870a32337b37839e2bab5287e51552fba,ismen,103
character_1,M,M,N,happy,False,01,1,Plain,880b91352c2b1d02fa6201fdc1bb763870a32337b37839e2bab5287e51552fba,ismen,104
character_1,M,M,N,happy,False,01,1,Plain,880b91352c2b1d02fa6201fdc1bb763870a32337b37839e2bab5287e51552fba,ismen,105
character_1,M,M,N,happy,False,01,1,Plain,880b91352c2b1d02fa6201fdc1bb763870a32337b37839e2bab5287e51552fba,ismen,106
character_1,M,M,N,happy,False,01,1,Plain,880b91352c2b1d02fa6201fdc1bb763870a32337b37839e2bab5287e51552fba,ismen,107
character_1,M,M,M,happy,False,01,1,Plain,f30a06deebf9cedde99c118e953d37f8df6e2f1d0ae2fd39d85d68822ffddf04,main,108
character_1,M,M,M,happy,False,01,1,Plain,f30a06deebf9cedde99c118e953d37f8df6e2f1d0ae2fd39d85d68822ffddf04,main,109
character_1,M,M,M,happy,False,01,1,Plain,f30a06deebf9cedde99c118e953d37f8df6e2f1d0ae2fd39d85d68822ffddf04,main,110
character_1,M,M,M,happy,False,01,1,Plain,f30a06deebf9cedde99c118e953d37f8df6e2f1d0ae2fd39d85d68822ffddf04,main,111
character_1,M,M,M,happy,False,01,1,Plain,f30a06deebf9cedde99c118e953d37f8df6e2f1d0ae2fd39d85d68822ffddf04,main,112
character_1,M,M,EY1,happy,False,01,1,Plain,9118516b809f07d6169dd1b0bb88666ed4aec4f3e0ad3294a48c0e689a8ebf56,main,113
character_1,M,M,EY1,happy,False,01,1,Plain,9118516b809f07d6169dd1b0bb88666ed4aec4f3e0ad3294a48c0e689a8ebf56,main,114
character_1,M,M,EY1,happy,False,01,1,Plain,9118516b809f07d6169dd1b0bb88666ed4aec4f3e0ad3294a48c0e689a8ebf56,main,115
character_1,M,M,EY1,happy,False,01,1,Plain,9118516b809f07d6169dd1b0bb88666ed4aec4f3e0ad3294a48c0e689a8ebf56,main,116
character_1,M,M,EY1,happy,False,01,1,Plain,9118516b809f07d6169dd1b0bb88666ed4aec4f3e0ad3294a48c0e689a8ebf56,main,117
character_1,M,M,EY1,happy,False,01,1,Plain,9118516b809f07d6169dd1b0bb88666ed4aec4f3e0ad3294a48c0e689a8ebf56,main,118
character_1,M,M,EY1,happy,False,01,1,Plain,9118516b809f07d6169dd1b0bb88666ed4aec4f3e0ad3294a48c0e689a8ebf56,main,119
character_1,M,M,N,happy,False,01,1,Plain,880b91352c2b1d02fa6201fdc1bb763870a32337b37839e2bab5287e51552fba,main,120
character_1,M,M,N,happy,False,01,1,Plain,880b91352c2b1d02fa6201fdc1bb763870a32337b37839e2bab5287e51552fba,main,121
character_1,M,M,N,happy,False,01,1,Plain,880b91352c2b1d02fa6201fdc1bb763870a32337b37839e2bab5287e51552fba,main,122
character_1,M,M,N,happy,False,01,1,Plain,880b91352c2b1d02fa6201fdc1bb763870a32337b37839e2bab5287e51552fba,main,123
character_1,M,M,N,happy,False,01,1,Plain,880b91352c2b1d02fa6201fdc1bb763870a32337b37839e2bab5287e51552fba,main,124
character_1,M,M,Y,happy,False,01,1,Plain,69e83af2a5816e3db1ebcd4958f6e09f8658caf64aa6f43e208135a8e1c3eafe,yh,125
character_1,M,M,Y,happy,False,01,1,Plain,69e83af2a5816e3db1ebcd4958f6e09f8658caf64aa6f43e208135a8e1c3eafe,yh,126
character_1,M,M,Y,happy,False,01,1,Plain,69e83af2a5816e3db1ebcd4958f6e09f8658caf64aa6f43e208135a8e1c3eafe,yh,127
character_1,M,M,IH1,happy,False,01,1,Plain,df4fbf43892a169fc09b708073f1a889dbc9be986bef7fccc843268329fb1d9b,yh,128
character_1,M,M,IH1,happy,False,01,1,Plain,df4fbf43892a169fc09b708073f1a889dbc9be986bef7fccc843268329fb1d9b,yh,129
character_1,M,M,IH1,happy,False,01,1,Plain,df4fbf43892a169fc09b708073f1a889dbc9be986bef7fccc843268329fb1d9b,yh,130
character_1,M,M,D,happy,False,01,1,Plain,8d788169884886ce6efecf9ec7bc8efce002ea61716d0b05f2086b1025605032,dekhna,131
character_1,M,M,EH1,happy,False,01,1,Plain,652467bfbec2860fc15e6923a322ba027d137306864394c8fe130ba4aa9b1e54,dekhna,132
character_1,M,M,K,happy,False,01,1,Plain,ce15cc6b2eb356b65246d57c7e5224978f681026bcb9519157263cc3aa65e903,dekhna,133
character_1,M,M,K,happy,False,01,1,Plain,ce15cc6b2eb356b65246d57c7e5224978f681026bcb9519157263cc3aa65e903,dekhna,134
character_1,M,M,K,happy,False,01,1,Plain,ce15cc6b2eb356b65246d57c7e5224978f681026bcb9519157263cc3aa65e903,dekhna,135
character_1,M,M,N,happy,False,01,1,Plain,880b91352c2b1d02fa6201fdc1bb763870a32337b37839e2bab5287e51552fba,dekhna,136
character_1,M,M,AH0,happy,False,01,1,Plain,22ca540e3156ae4dcf99f49c93fd06f5277fb07e2b4076ab2e1716b6a9107593,dekhna,137
character_1,M,M,CH,happy,False,01,1,Plain,5d99902e8ba47dbb6393cc6003dd31e0e66c1f1e4dfcac9cc3810cbe17dd6b85,chahta,138
character_1,M,M,CH,happy,False,01,1,Plain,5d99902e8ba47dbb6393cc6003dd31e0e66c1f1e4dfcac9cc3810cbe17dd6b85,chahta,139
character_1,M,M,AA1,happy,False,01,1,Plain,fb205fb06090db7456645c2f330eb9456ae2e48f38c67c9f1a9c59235cb672d3,chahta,140
character_1,M,M,AA1,happy,False,01,1,Plain,fb205fb06090db7456645c2f330eb9456ae2e48f38c67c9f1a9c59235cb672d3,chahta,141
character_1,M,M,T,happy,False,01,1,Plain,d02fbb12a45a347fd0939922b93dc7464246e8616f31f29219fc868641e102b6,chahta,142
character_1,M,M,T,happy,False,01,1,Plain,d02fbb12a45a347fd0939922b93dc7464246e8616f31f29219fc868641e102b6,chahta,143
character_1,M,M,AH0,happy,False,01,1,Plain,22ca540e3156ae4dcf99f49c93fd06f5277fb07e2b4076ab2e1716b6a9107593,chahta,144
character_1,M,M,AH0,happy,False,01,1,Plain,22ca540e3156ae4dcf99f49c93fd06f5277fb07e2b4076ab2e1716b6a9107593,chahta,145
character_1,M,M,HH,happy,False,01,1,Plain,5b75907d30da3e94087b27786fa3516578c3c4df100f46b63c7b9ef757d31181,hoon,146
character_1,M,M,HH,happy,False,01,1,Plain,5b75907d30da3e94087b27786fa3516578c3c4df100f46b63c7b9ef757d31181,hoon,147
character_1,M,M,HH,happy,False,01,1,Plain,5b75907d30da3e94087b27786fa3516578c3c4df100f46b63c7b9ef757d31181,hoon,148
character_1,M,M,UW1,happy,False,01,1,Plain,437ee0f0047977a5501fb434a198c3b038593fee353f7ed1d94134728bf024b7,hoon,149
character_1,M,M,UW1,happy,False,01,1,Plain,437ee0f0047977a5501fb434a198c3b038593fee353f7ed1d94134728bf024b7,hoon,150
character_1,M,M,UW1,happy,False,01,1,Plain,437ee0f0047977a5501fb434a198c3b038593fee353f7ed1d94134728bf024b7,hoon,151
character_1,M,M,N,happy,False,01,1,Plain,880b91352c2b1d02fa6201fdc1bb763870a32337b37839e2bab5287e51552fba,hoon,152
character_1,M,M,N,happy,False,01,1,Plain,880b91352c2b1d02fa6201fdc1bb763870a32337b37839e2bab5287e51552fba,hoon,153
character_1,M,M,N,happy,False,01,1,Plain,880b91352c2b1d02fa6201fdc1bb763870a32337b37839e2bab5287e51552fba,hoon,154
character_1,M,M,K,happy,False,01,1,Plain,ce15cc6b2eb356b65246d57c7e5224978f681026bcb9519157263cc3aa65e903,ki,155
character_1,M,M,K,happy,False,01,1,Plain,ce15cc6b2eb356b65246d57c7e5224978f681026bcb9519157263cc3aa65e903,ki,156
character_1,M,M,K,happy,False,01,1,Plain,ce15cc6b2eb356b65246d57c7e5224978f681026bcb9519157263cc3aa65e903,ki,157
character_1,M,M,K,happy,False,01,1,Plain,ce15cc6b2eb356b65246d57c7e5224978f681026bcb9519157263cc3aa65e903,ki,158
character_1,M,M,K,happy,False,01,1,Plain,ce15cc6b2eb356b65246d57c7e5224978f681026bcb9519157263cc3aa65e903,ki,159
character_1,M,M,K,happy,False,01,1,Plain,ce15cc6b2eb356b65246d57c7e5224978f681026bcb9519157263cc3aa65e903,ki,160
character_1,M,M,K,happy,False,01,1,Plain,ce15cc6b2eb356b65246d57c7e5224978f681026bcb9519157263cc3aa65e903,ki,161
character_1,M,M,K,happy,False,01,1,Plain,ce15cc6b2eb356b65246d57c7e5224978f681026bcb9519157263cc3aa65e903,ki,162
character_1,M,M,K,happy,False,01,1,Plain,ce15cc6b2eb356b65246d57c7e5224978f681026bcb9519157263cc3aa65e903,ki,163
character_1,M,M,K,happy,False,01,1,Plain,ce15cc6b2eb356b65246d57c7e5224978f681026bcb9519157263cc3aa65e903,ki,164
character_1,M,M,K,happy,False,01,1,Plain,ce15cc6b2eb356b65246d57c7e5224978f681026bcb9519157263cc3aa65e903,ki,165
character_1,M,M,K,happy,False,01,1,Plain,ce15cc6b2eb356b65246d57c7e5224978f681026bcb9519157263cc3aa65e903,ki,166
character_1,M,M,IY1,happy,False,01,1,Plain,dbecff7f20f26450c789559f4aebad23d1ebc9e2afc7841f768e49bbf245f064,ki,167
character_1,M,M,IY1,happy,False,01,1,Plain,dbecff7f20f26450c789559f4aebad23d1ebc9e2afc7841f768e49bbf245f064,ki,168
character_1,M,M,IY1,happy,False,01,1,Plain,dbecff7f20f26450c789559f4aebad23d1ebc9e2afc7841f768e49bbf245f064,ki,169
character_1,M,M,IY1,happy,False,01,1,Plain,dbecff7f20f26450c789559f4aebad23d1ebc9e2afc7841f768e49bbf245f064,ki,170
character_1,M,M,IY1,happy,False,01,1,Plain,dbecff7f20f26450c789559f4aebad23d1ebc9e2afc7841f768e49bbf245f064,ki,171
character_1,M,M,IY1,happy,False,01,1,Plain,dbecff7f20f26450c789559f4aebad23d1ebc9e2afc7841f768e49bbf245f064,ki,172
character_1,M,M,IY1,happy,False,01,1,Plain,dbecff7f20f26450c789559f4aebad23d1ebc9e2afc7841f768e49bbf245f064,ki,173
character_1,M,M,IY1,happy,False,01,1,Plain,dbecff7f20f26450c789559f4aebad23d1ebc9e2afc7841f768e49bbf245f064,ki,174
character_1,M,M,IY1,happy,False,01,1,Plain,dbecff7f20f26450c789559f4aebad23d1ebc9e2afc7841f768e49bbf245f064,ki,175
character_1,M,M,IY1,happy,False,01,1,Plain,dbecff7f20f26450c789559f4aebad23d1ebc9e2afc7841f768e49bbf245f064,ki,176
character_1,M,M,IY1,happy,False,01,1,Plain,dbecff7f20f26450c789559f4aebad23d1ebc9e2afc7841f768e49bbf245f064,ki,177
character_1,M,M,IY1,happy,False,01,1,Plain,dbecff7f20f26450c789559f4aebad23d1ebc9e2afc7841f768e49bbf245f064,ki,178
character_1,M,M,IY1,happy,False,01,1,Plain,dbecff7f20f26450c789559f4aebad23d1ebc9e2afc7841f768e49bbf245f064,ki,179
character_1,M,M,JH,happy,False,01,1,Plain,6621c261d00fba6d1cb22b5de26a0f02ed02112fc9f800113bab37bc662d956f,jo,180
character_1,M,M,JH,happy,False,01,1,Plain,6621c261d00fba6d1cb22b5de26a0f02ed02112fc9f800113bab37bc662d956f,jo,181
character_1,M,M,JH,happy,False,01,1,Plain,6621c261d00fba6d1cb22b5de26a0f02ed02112fc9f800113bab37bc662d956f,jo,182
character_1,M,M,JH,happy,False,01,1,Plain,6621c261d00fba6d1cb22b5de26a0f02ed02112fc9f800113bab37bc662d956f,jo,183
character_1,M,M,JH,happy,False,01,1,Plain,6621c261d00fba6d1cb22b5de26a0f02ed02112fc9f800113bab37bc662d956f,jo,184
character_1,M,M,JH,happy,False,01,1,Plain,6621c261d00fba6d1cb22b5de26a0f02ed02112fc9f800113bab37bc662d956f,jo,185
character_1,M,M,JH,happy,False,01,1,Plain,6621c261d00fba6d1cb22b5de26a0f02ed02112fc9f800113bab37bc662d956f,jo,186
character_1,M,M,JH,happy,False,01,1,Plain,6621c261d00fba6d1cb22b5de26a0f02ed02112fc9f800113bab37bc662d956f,jo,187
character_1,M,M,JH,happy,False,01,1,Plain,6621c261d00fba6d1cb22b5de26a0f02ed02112fc9f800113bab37bc662d956f,jo,188
character_1,M,M,JH,happy,False,01,1,Plain,6621c261d00fba6d1cb22b5de26a0f02ed02112fc9f800113bab37bc662d956f,jo,189
character_1,M,M,JH,happy,False,01,1,Plain,6621c261d00fba6d1cb22b5de26a0f02ed02112fc9f800113bab37bc662d956f,jo,190
character_1,M,M,JH,happy,False,01,1,Plain,6621c261d00fba6d1cb22b5de26a0f02ed02112fc9f800113bab37bc662d956f,jo,191
character_1,M,M,OW1,happy,False,01,1,Plain,a3b47490f0f92a50cd7a9708bcb8d418ed00f8ef75f7488e956af8630039c7af,jo,192
character_1,M,M,OW1,happy,False,01,1,Plain,a3b47490f0f92a50cd7a9708bcb8d418ed00f8ef75f7488e956af8630039c7af,jo,193
character_1,M,M,OW1,happy,False,01,1,Plain,a3b47490f0f92a50cd7a9708bcb8d418ed00f8ef75f7488e956af8630039c7af,jo,194
character_1,M,M,OW1,happy,False,01,1,Plain,a3b47490f0f92a50cd7a9708bcb8d418ed00f8ef75f7488e956af8630039c7af,jo,195
character_1,M,M,OW1,happy,False,01,1,Plain,a3b47490f0f92a50cd7a9708bcb8d418ed00f8ef75f7488e956af8630039c7af,jo,196
character_1,M,M,OW1,happy,False,01,1,Plain,a3b47490f0f92a50cd7a9708bcb8d418ed00f8ef75f7488e956af8630039c7af,jo,197
character_1,M,M,OW1,happy,False,01,1,Plain,a3b47490f0f92a50cd7a9708bcb8d418ed00f8ef75f7488e956af8630039c7af,jo,198
character_1,M,M,OW1,happy,False,01,1,Plain,a3b47490f0f92a50cd7a9708bcb8d418ed00f8ef75f7488e956af8630039c7af,jo,199
character_1,M,M,OW1,happy,False,01,1,Plain,a3b47490f0f92a50cd7a9708bcb8d418ed00f8ef75f7488e956af8630039c7af,jo,200
character_1,M,M,OW1,happy,False,01,1,Plain,a3b47490f0f92a50cd7a9708bcb8d418ed00f8ef75f7488e956af8630039c7af,jo,201
character_1,M,M,OW1,happy,False,01,1,Plain,a3b47490f0f92a50cd7a9708bcb8d418ed00f8ef75f7488e956af8630039c7af,jo,202
character_1,M,M,OW1,happy,False,01,1,Plain,a3b47490f0f92a50cd7a9708bcb8d418ed00f8ef75f7488e956af8630039c7af,jo,203
character_1,M,M,AA1,happy,False,01,1,Plain,fb205fb06090db7456645c2f330eb9456ae2e48f38c67c9f1a9c59235cb672d3,aavaj,204
character_1,M,M,AA1,happy,False,01,1,Plain,fb205fb06090db7456645c2f330eb9456ae2e48f38c67c9f1a9c59235cb672d3,aavaj,205
character_1,M,M,AA1,happy,False,01,1,Plain,fb205fb06090db7456645c2f330eb9456ae2e48f38c67c9f1a9c59235cb672d3,aavaj,206
character_1,M,M,AA1,happy,False,01,1,Plain,fb205fb06090db7456645c2f330eb9456ae2e48f38c67c9f1a9c59235cb672d3,aavaj,207
character_1,M,M,V,happy,False,01,1,Plain,126eff8dd002fa6996bed4c62357b2b1dc1f0605b64376937c028427000bff59,aavaj,208
character_1,M,M,V,happy,False,01,1,Plain,126eff8dd002fa6996bed4c62357b2b1dc1f0605b64376937c028427000bff59,aavaj,209
character_1,M,M,V,happy,False,01,1,Plain,126eff8dd002fa6996bed4c62357b2b1dc1f0605b64376937c028427000bff59,aavaj,210
character_1,M,M,V,happy,False,01,1,Plain,126eff8dd002fa6996bed4c62357b2b1dc1f0605b64376937c028427000bff59,aavaj,211
character_1,M,M,V,happy,False,01,1,Plain,126eff8dd002fa6996bed4c62357b2b1dc1f0605b64376937c028427000bff59,aavaj,212
character_1,M,M,EY0,happy,False,01,1,Plain,152ef8b1fdc785c46d99d8d4d709fb0951ec0887ceef8c928010192b38cc5a1c,aavaj,213
character_1,M,M,EY0,happy,False,01,1,Plain,152ef8b1fdc785c46d99d8d4d709fb0951ec0887ceef8c928010192b38cc5a1c,aavaj,214
character_1,M,M,EY0,happy,False,01,1,Plain,152ef8b1fdc785c46d99d8d4d709fb0951ec0887ceef8c928010192b38cc5a1c,aavaj,215
character_1,M,M,EY0,happy,False,01,1,Plain,152ef8b1fdc785c46d99d8d4d709fb0951ec0887ceef8c928010192b38cc5a1c,aavaj,216
character_1,M,M,HH,happy,False,01,1,Plain,5b75907d30da3e94087b27786fa3516578c3c4df100f46b63c7b9ef757d31181,hai,217
character_1,M,M,HH,happy,False,01,1,Plain,5b75907d30da3e94087b27786fa3516578c3c4df100f46b63c7b9ef757d31181,hai,218
character_1,M,M,HH,happy,False,01,1,Plain,5b75907d30da3e94087b27786fa3516578c3c4df100f46b63c7b9ef757d31181,hai,219
character_1,M,M,AY1,happy,False,01,1,Plain,196f309336cdb0ebf5f5d08be217b5b8ded9c91ede9c45cb761db4a3d36787b9,hai,220
character_1,M,M,AY1,happy,False,01,1,Plain,196f309336cdb0ebf5f5d08be217b5b8ded9c91ede9c45cb761db4a3d36787b9,hai,221
character_1,M,M,AY1,happy,False,01,1,Plain,196f309336cdb0ebf5f5d08be217b5b8ded9c91ede9c45cb761db4a3d36787b9,hai,222
character_1,M,M,AH1,happy,False,01,1,Plain,fd5ee8c1b04d26d1631fe128bc6ab9d017c15164222cdec5bf56d976fd0e4935,uske,223
character_1,M,M,AH1,happy,False,01,1,Plain,fd5ee8c1b04d26d1631fe128bc6ab9d017c15164222cdec5bf56d976fd0e4935,uske,224
character_1,M,M,AH1,happy,False,01,1,Plain,fd5ee8c1b04d26d1631fe128bc6ab9d017c15164222cdec5bf56d976fd0e4935,uske,225
character_1,M,M,AH1,happy,False,01,1,Plain,fd5ee8c1b04d26d1631fe128bc6ab9d017c15164222cdec5bf56d976fd0e4935,uske,226
character_1,M,M,AH1,happy,False,01,1,Plain,fd5ee8c1b04d26d1631fe128bc6ab9d017c15164222cdec5bf56d976fd0e4935,uske,227
character_1,M,M,S,happy,False,01,1,Plain,369f9acd9f75faaac58f320f32588a3af778d1287f1b00e2ed66fe90cca712c4,uske,228
character_1,M,M,S,happy,False,01,1,Plain,369f9acd9f75faaac58f320f32588a3af778d1287f1b00e2ed66fe90cca712c4,uske,229
character_1,M,M,S,happy,False,01,1,Plain,369f9acd9f75faaac58f320f32588a3af778d1287f1b00e2ed66fe90cca712c4,uske,230
character_1,M,M,S,happy,False,01,1,Plain,369f9acd9f75faaac58f320f32588a3af778d1287f1b00e2ed66fe90cca712c4,uske,231
character_1,M,M,S,happy,False,01,1,Plain,369f9acd9f75faaac58f320f32588a3af778d1287f1b00e2ed66fe90cca712c4,uske,232
character_1,M,M,K,happy,False,01,1,Plain,ce15cc6b2eb356b65246d57c7e5224978f681026bcb9519157263cc3aa65e903,uske,233
character_1,M,M,K,happy,False,01,1,Plain,ce15cc6b2eb356b65246d57c7e5224978f681026bcb9519157263cc3aa65e903,uske,234
character_1,M,M,K,happy,False,01,1,Plain,ce15cc6b2eb356b65246d57c7e5224978f681026bcb9519157263cc3aa65e903,uske,235
character_1,M,M,K,happy,False,01,1,Plain,ce15cc6b2eb356b65246d57c7e5224978f681026bcb9519157263cc3aa65e903,uske,236
character_1,M,M,K,happy,False,01,1,Plain,ce15cc6b2eb356b65246d57c7e5224978f681026bcb9519157263cc3aa65e903,uske,237
character_1,M,M,IY0,happy,False,01,1,Plain,4d449d056606ad5087bbeaed36af2752c4b6549e0791b005408865ed9ae6f12b,uske,238
character_1,M,M,IY0,happy,False,01,1,Plain,4d449d056606ad5087bbeaed36af2752c4b6549e0791b005408865ed9ae6f12b,uske,239
character_1,M,M,IY0,happy,False,01,1,Plain,4d449d056606ad5087bbeaed36af2752c4b6549e0791b005408865ed9ae6f12b,uske,240
character_1,M,M,IY0,happy,False,01,1,Plain,4d449d056606ad5087bbeaed36af2752c4b6549e0791b005408865ed9ae6f12b,uske,241
character_1,M,M,IY0,happy,False,01,1,Plain,4d449d056606ad5087bbeaed36af2752c4b6549e0791b005408865ed9ae6f12b,uske,242
character_1,M,M,T,happy,False,01,1,Plain,d02fbb12a45a347fd0939922b93dc7464246e8616f31f29219fc868641e102b6,taim,243
character_1,M,M,T,happy,False,01,1,Plain,d02fbb12a45a347fd0939922b93dc7464246e8616f31f29219fc868641e102b6,taim,244
character_1,M,M,T,happy,False,01,1,Plain,d02fbb12a45a347fd0939922b93dc7464246e8616f31f29219fc868641e102b6,taim,245
character_1,M,M,EY1,happy,False,01,1,Plain,9118516b809f07d6169dd1b0bb88666ed4aec4f3e0ad3294a48c0e689a8ebf56,taim,246
character_1,M,M,EY1,happy,False,01,1,Plain,9118516b809f07d6169dd1b0bb88666ed4aec4f3e0ad3294a48c0e689a8ebf56,taim,247
character_1,M,M,EY1,happy,False,01,1,Plain,9118516b809f07d6169dd1b0bb88666ed4aec4f3e0ad3294a48c0e689a8ebf56,taim,248
character_1,M,M,M,happy,False,01,1,Plain,f30a06deebf9cedde99c118e953d37f8df6e2f1d0ae2fd39d85d68822ffddf04,taim,249
character_1,M,M,M,happy,False,01,1,Plain,f30a06deebf9cedde99c118e953d37f8df6e2f1d0ae2fd39d85d68822ffddf04,taim,250
character_1,M,M,M,happy,False,01,1,Plain,f30a06deebf9cedde99c118e953d37f8df6e2f1d0ae2fd39d85d68822ffddf04,taim,251
character_1,M,M,S,happy,False,01,1,Plain,369f9acd9f75faaac58f320f32588a3af778d1287f1b00e2ed66fe90cca712c4,staimp,252
character_1,M,M,S,happy,False,01,1,Plain,369f9acd9f75faaac58f320f32588a3af778d1287f1b00e2ed66fe90cca712c4,staimp,253
character_1,M,M,T,happy,False,01,1,Plain,d02fbb12a45a347fd0939922b93dc7464246e8616f31f29219fc868641e102b6,staimp,254
character_1,M,M,T,happy,False,01,1,Plain,d02fbb12a45a347fd0939922b93dc7464246e8616f31f29219fc868641e102b6,staimp,255
character_1,M,M,EY1,happy,False,01,1,Plain,9118516b809f07d6169dd1b0bb88666ed4aec4f3e0ad3294a48c0e689a8ebf56,staimp,256
character_1,M,M,EY1,happy,False,01,1,Plain,9118516b809f07d6169dd1b0bb88666ed4aec4f3e0ad3294a48c0e689a8ebf56,staimp,257
character_1,M,M,M,happy,False,01,1,Plain,f30a06deebf9cedde99c118e953d37f8df6e2f1d0ae2fd39d85d68822ffddf04,staimp,258
character_1,M,M,M,happy,False,01,1,Plain,f30a06deebf9cedde99c118e953d37f8df6e2f1d0ae2fd39d85d68822ffddf04,staimp,259
character_1,M,M,P,happy,False,01,1,Plain,1510f0b7df3c61346f4f36df1d911e3b2d723a988ba7b089ce5958401a3a8a10,staimp,260
character_1,M,M,P,happy,False,01,1,Plain,1510f0b7df3c61346f4f36df1d911e3b2d723a988ba7b089ce5958401a3a8a10,staimp,261
character_1,M,M,K,happy,False,01,1,Plain,ce15cc6b2eb356b65246d57c7e5224978f681026bcb9519157263cc3aa65e903,kaise,262
character_1,M,M,K,happy,False,01,1,Plain,ce15cc6b2eb356b65246d57c7e5224978f681026bcb9519157263cc3aa65e903,kaise,263
character_1,M,M,K,happy,False,01,1,Plain,ce15cc6b2eb356b65246d57c7e5224978f681026bcb9519157263cc3aa65e903,kaise,264
character_1,M,M,K,happy,False,01,1,Plain,ce15cc6b2eb356b65246d57c7e5224978f681026bcb9519157263cc3aa65e903,kaise,265
character_1,M,M,K,happy,False,01,1,Plain,ce15cc6b2eb356b65246d57c7e5224978f681026bcb9519157263cc3aa65e903,kaise,266
character_1,M,M,K,happy,False,01,1,Plain,ce15cc6b2eb356b65246d57c7e5224978f681026bcb9519157263cc3aa65e903,kaise,267
character_1,M,M,K,happy,False,01,1,Plain,ce15cc6b2eb356b65246d57c7e5224978f681026bcb9519157263cc3aa65e903,kaise,268
character_1,M,M,K,happy,False,01,1,Plain,ce15cc6b2eb356b65246d57c7e5224978f681026bcb9519157263cc3aa65e903,kaise,269
character_1,M,M,K,happy,False,01,1,Plain,ce15cc6b2eb356b65246d57c7e5224978f681026bcb9519157263cc3aa65e903,kaise,270
character_1,M,M,AY1,happy,False,01,1,Plain,196f309336cdb0ebf5f5d08be217b5b8ded9c91ede9c45cb761db4a3d36787b9,kaise,271
character_1,M,M,AY1,happy,False,01,1,Plain,196f309336cdb0ebf5f5d08be217b5b8ded9c91ede9c45cb761db4a3d36787b9,kaise,272
character_1,M,M,AY1,happy,False,01,1,Plain,196f309336cdb0ebf5f5d08be217b5b8ded9c91ede9c45cb761db4a3d36787b9,kaise,273
character_1,M,M,AY1,happy,False,01,1,Plain,196f309336cdb0ebf5f5d08be217b5b8ded9c91ede9c45cb761db4a3d36787b9,kaise,274
character_1,M,M,AY1,happy,False,01,1,Plain,196f309336cdb0ebf5f5d08be217b5b8ded9c91ede9c45cb761db4a3d36787b9,kaise,275
character_1,M,M,AY1,happy,False,01,1,Plain,196f309336cdb0ebf5f5d08be217b5b8ded9c91ede9c45cb761db4a3d36787b9,kaise,276
character_1,M,M,AY1,happy,False,01,1,Plain,196f309336cdb0ebf5f5d08be217b5b8ded9c91ede9c45cb761db4a3d36787b9,kaise,277
character_1,M,M,AY1,happy,False,01,1,Plain,196f309336cdb0ebf5f5d08be217b5b8ded9c91ede9c45cb761db4a3d36787b9,kaise,278
character_1,M,M,AY1,happy,False,01,1,Plain,196f309336cdb0ebf5f5d08be217b5b8ded9c91ede9c45cb761db4a3d36787b9,kaise,279
character_1,M,M,AY1,happy,False,01,1,Plain,196f309336cdb0ebf5f5d08be217b5b8ded9c91ede9c45cb761db4a3d36787b9,kaise,280
character_1,M,M,Z,happy,False,01,1,Plain,9f405894967f753b4ee533d22e55c4944beb8ab3df74a2b89987fcc6125f048e,kaise,281
character_1,M,M,Z,happy,False,01,1,Plain,9f405894967f753b4ee533d22e55c4944beb8ab3df74a2b89987fcc6125f048e,kaise,282
character_1,M,M,Z,happy,False,01,1,Plain,9f405894967f753b4ee533d22e55c4944beb8ab3df74a2b89987fcc6125f048e,kaise,283
character_1,M,M,Z,happy,False,01,1,Plain,9f405894967f753b4ee533d22e55c4944beb8ab3df74a2b89987fcc6125f048e,kaise,284
character_1,M,M,Z,happy,False,01,1,Plain,9f405894967f753b4ee533d22e55c4944beb8ab3df74a2b89987fcc6125f048e,kaise,285
character_1,M,M,Z,happy,False,01,1,Plain,9f405894967f753b4ee533d22e55c4944beb8ab3df74a2b89987fcc6125f048e,kaise,286
character_1,M,M,Z,happy,False,01,1,Plain,9f405894967f753b4ee533d22e55c4944beb8ab3df74a2b89987fcc6125f048e,kaise,287
character_1,M,M,Z,happy,False,01,1,Plain,9f405894967f753b4ee533d22e55c4944beb8ab3df74a2b89987fcc6125f048e,kaise,288
character_1,M,M,Z,happy,False,01,1,Plain,9f405894967f753b4ee533d22e55c4944beb8ab3df74a2b89987fcc6125f048e,kaise,289
character_1,M,M,AA1,happy,False,01,1,Plain,fb205fb06090db7456645c2f330eb9456ae2e48f38c67c9f1a9c59235cb672d3,aa,290
character_1,M,M,AA1,happy,False,01,1,Plain,fb205fb06090db7456645c2f330eb9456ae2e48f38c67c9f1a9c59235cb672d3,aa,291
character_1,M,M,AA1,happy,False,01,1,Plain,fb205fb06090db7456645c2f330eb9456ae2e48f38c67c9f1a9c59235cb672d3,aa,292
character_1,M,M,AA1,happy,False,01,1,Plain,fb205fb06090db7456645c2f330eb9456ae2e48f38c67c9f1a9c59235cb672d3,aa,293
character_1,M,M,AA1,happy,False,01,1,Plain,fb205fb06090db7456645c2f330eb9456ae2e48f38c67c9f1a9c59235cb672d3,aa,294
character_1,M,M,R,happy,False,01,1,Plain,3b928b7ba29a5a212262bd54eef60663cf454730c52f6a97365f6ebf484a68b6,rhe,295
character_1,M,M,R,happy,False,01,1,Plain,3b928b7ba29a5a212262bd54eef60663cf454730c52f6a97365f6ebf484a68b6,rhe,296
character_1,M,M,IY1,happy,False,01,1,Plain,dbecff7f20f26450c789559f4aebad23d1ebc9e2afc7841f768e49bbf245f064,rhe,297
character_1,M,M,IY1,happy,False,01,1,Plain,dbecff7f20f26450c789559f4aebad23d1ebc9e2afc7841f768e49bbf245f064,rhe,298
character_1,M,M,IY1,happy,False,01,1,Plain,dbecff7f20f26450c789559f4aebad23d1ebc9e2afc7841f768e49bbf245f064,rhe,299
character_1,M,M,HH,happy,False,01,1,Plain,5b75907d30da3e94087b27786fa3516578c3c4df100f46b63c7b9ef757d31181,hain,300
character_1,M,M,HH,happy,False,01,1,Plain,5b75907d30da3e94087b27786fa3516578c3c4df100f46b63c7b9ef757d31181,hain,301
character_1,M,M,HH,happy,False,01,1,Plain,5b75907d30da3e94087b27786fa3516578c3c4df100f46b63c7b9ef757d31181,hain,302
character_1,M,M,EY1,happy,False,01,1,Plain,9118516b809f07d6169dd1b0bb88666ed4aec4f3e0ad3294a48c0e689a8ebf56,hain,303
character_1,M,M,EY1,happy,False,01,1,Plain,9118516b809f07d6169dd1b0bb88666ed4aec4f3e0ad3294a48c0e689a8ebf56,hain,304
character_1,M,M,EY1,happy,False,01,1,Plain,9118516b809f07d6169dd1b0bb88666ed4aec4f3e0ad3294a48c0e689a8ebf56,hain,305
character_1,M,M,EY1,happy,False,01,1,Plain,9118516b809f07d6169dd1b0bb88666ed4aec4f3e0ad3294a48c0e689a8ebf56,hain,306
character_1,M,M,N,happy,False,01,1,Plain,880b91352c2b1d02fa6201fdc1bb763870a32337b37839e2bab5287e51552fba,hain,307
character_1,M,M,N,happy,False,01,1,Plain,880b91352c2b1d02fa6201fdc1bb763870a32337b37839e2bab5287e51552fba,hain,308
character_1,M,M,N,happy,False,01,1,Plain,880b91352c2b1d02fa6201fdc1bb763870a32337b37839e2bab5287e51552fba,hain,309
